pitch,starts,ends,steps,duration
43,1.0322916666666666,1.1114583333333332,0.0,0.07916666666666661
31,1.040625,1.10625,0.008333333333333304,0.06562500000000004
44,1.1427083333333332,1.2166666666666666,0.11041666666666661,0.07395833333333335
32,1.1447916666666667,1.2177083333333334,0.11250000000000004,0.07291666666666674
46,1.2083333333333333,1.303125,0.17604166666666665,0.09479166666666683
34,1.2166666666666666,1.2875,0.18437499999999996,0.07083333333333353
48,1.3291666666666666,1.9552083333333332,0.296875,0.6260416666666666
36,1.3322916666666667,1.9864583333333332,0.30000000000000004,0.6541666666666666
53,2.997916666666667,4.764583333333333,1.9656250000000002,1.7666666666666666
62,2.9989583333333334,4.922916666666667,1.9666666666666668,1.9239583333333332
56,3.0104166666666665,4.779166666666667,1.978125,1.7687500000000003
48,3.027083333333333,4.95625,1.9947916666666665,1.9291666666666667
54,5.402083333333334,5.595833333333333,4.369791666666667,0.19374999999999964
63,5.404166666666667,5.670833333333333,4.371875,0.2666666666666666
59,5.415625,5.477083333333333,4.383333333333334,0.061458333333332504
44,5.423958333333333,5.647916666666666,4.391666666666667,0.22395833333333304
60,5.679166666666666,6.185416666666667,4.646875,0.5062500000000005
39,5.698958333333334,6.025,4.666666666666667,0.3260416666666668
48,5.698958333333334,6.19375,4.666666666666667,0.4947916666666661
67,5.698958333333334,6.21875,4.666666666666667,0.5197916666666664
55,5.701041666666667,6.05,4.66875,0.34895833333333304
79,7.294791666666667,7.488541666666666,6.2625,0.19374999999999964
60,7.303125,7.563541666666667,6.270833333333333,0.26041666666666696
67,7.308333333333334,7.532291666666667,6.276041666666667,0.22395833333333304
72,7.311458333333333,7.404166666666667,6.279166666666667,0.09270833333333339
27,9.530208333333333,9.605208333333334,8.497916666666665,0.07500000000000107
39,9.566666666666666,9.615625,8.534375,0.048958333333333215
29,9.635416666666666,9.691666666666666,8.603124999999999,0.056250000000000355
41,9.65625,9.7125,8.623958333333334,0.056250000000000355
31,9.694791666666667,9.809375,8.662500000000001,0.11458333333333215
43,9.732291666666667,9.858333333333333,8.7,0.12604166666666572
32,9.815625,9.898958333333333,8.783333333333335,0.08333333333333215
44,9.817708333333334,9.919791666666667,8.785416666666666,0.10208333333333286
34,9.905208333333333,10.020833333333334,8.872916666666665,0.11562500000000142
46,9.910416666666666,9.982291666666667,8.878125,0.07187500000000036
36,10.041666666666666,10.677083333333334,9.009374999999999,0.6354166666666679
48,10.0625,10.703125,9.030208333333334,0.640625
62,11.589583333333334,13.616666666666667,10.557291666666668,2.0270833333333336
48,11.604166666666666,13.722916666666666,10.571874999999999,2.1187500000000004
53,11.609375,13.54375,10.577083333333334,1.9343749999999993
56,11.610416666666666,13.483333333333333,10.578125,1.8729166666666668
54,14.157291666666666,14.403125,13.125,0.24583333333333357
63,14.163541666666667,14.460416666666667,13.131250000000001,0.296875
59,14.179166666666667,14.244791666666666,13.146875000000001,0.06562499999999893
44,14.18125,14.403125,13.148958333333333,0.22187499999999893
60,14.483333333333333,14.932291666666666,13.451041666666665,0.44895833333333357
39,14.486458333333333,14.792708333333334,13.454166666666666,0.30625000000000036
48,14.488541666666666,14.929166666666667,13.45625,0.4406250000000007
67,14.489583333333334,14.955208333333333,13.457291666666666,0.4656249999999993
55,14.509375,14.784374999999999,13.477083333333333,0.2749999999999986
67,16.03125,16.391666666666666,14.998958333333334,0.3604166666666657
79,16.0375,16.222916666666666,15.005208333333336,0.185416666666665
72,16.046875,16.19375,15.014583333333334,0.14687500000000142
60,16.077083333333334,16.323958333333334,15.044791666666669,0.2468749999999993
24,17.895833333333332,18.052083333333332,16.863541666666666,0.15625
36,17.95,18.0625,16.917708333333334,0.11250000000000071
26,18.039583333333333,18.105208333333334,17.007291666666667,0.06562500000000071
38,18.0625,18.157291666666666,17.030208333333334,0.09479166666666572
27,18.11145833333333,18.175,17.079166666666666,0.06354166666666927
39,18.148958333333333,18.208333333333332,17.116666666666667,0.05937499999999929
29,18.179166666666667,18.223958333333332,17.146875,0.04479166666666501
31,18.242708333333333,18.333333333333332,17.210416666666667,0.09062499999999929
41,18.246875,18.31875,17.214583333333334,0.07187500000000213
43,18.310416666666665,18.395833333333332,17.278125,0.08541666666666714
32,18.320833333333333,18.438541666666666,17.288541666666667,0.11770833333333286
44,18.360416666666666,18.441666666666666,17.328125,0.08125000000000071
34,18.41875,18.484375,17.386458333333334,0.06562500000000071
46,18.425,18.484375,17.392708333333335,0.05937499999999929
36,18.508333333333333,18.61875,17.476041666666667,0.11041666666666572
48,18.514583333333334,18.604166666666668,17.48229166666667,0.08958333333333357
37,18.597916666666666,19.125,17.565625,0.5270833333333336
49,18.6,19.138541666666665,17.567708333333336,0.5385416666666636
64,19.797916666666666,20.990625,18.765625,1.1927083333333357
54,19.801041666666666,21.172916666666666,18.76875,1.3718749999999993
49,19.804166666666667,21.092708333333334,18.771875,1.2885416666666671
58,19.807291666666668,20.8,18.775000000000002,0.9927083333333329
46,21.501041666666666,21.592708333333334,20.46875,0.09166666666666856
55,21.50208333333333,21.638541666666665,20.469791666666666,0.13645833333333357
65,21.507291666666667,21.825,20.475,0.31770833333333215
61,21.508333333333333,21.594791666666666,20.476041666666667,0.08645833333333286
49,21.795833333333334,22.113541666666666,20.76354166666667,0.31770833333333215
68,21.797916666666666,22.219791666666666,20.765625,0.421875
56,21.79895833333333,22.110416666666666,20.766666666666666,0.3114583333333343
41,21.801041666666666,22.077083333333334,20.76875,0.27604166666666785
61,21.80625,22.2875,20.773958333333333,0.48125000000000284
41,22.972916666666666,24.695833333333333,21.940625,1.7229166666666664
47,23.0,24.688541666666666,21.967708333333334,1.6885416666666657
50,23.05625,24.717708333333334,22.023958333333333,1.6614583333333357
56,23.133333333333333,24.50208333333333,22.101041666666667,1.3687499999999986
59,23.136458333333334,24.382291666666667,22.104166666666668,1.2458333333333336
62,23.1375,24.594791666666666,22.105208333333334,1.4572916666666664
71,23.1375,24.647916666666667,22.105208333333334,1.5104166666666679
68,23.144791666666666,24.688541666666666,22.1125,1.5437499999999993
41,25.085416666666667,25.20625,24.053125,0.12083333333333357
57,25.085416666666667,25.735416666666666,24.053125,0.6499999999999986
48,25.090625,25.232291666666665,24.058333333333334,0.14166666666666572
72,25.090625,25.240625,24.058333333333334,0.15000000000000213
51,25.091666666666665,25.246875,24.059375,0.15520833333333428
63,25.09375,25.209375,24.061458333333334,0.11562500000000142
60,25.094791666666666,25.228125,24.0625,0.13333333333333286
69,25.096875,25.241666666666667,24.064583333333335,0.14479166666666643
56,25.682291666666668,28.560416666666665,24.650000000000002,2.878124999999997
60,25.6875,28.090625,24.655208333333334,2.4031249999999993
72,25.6875,28.15625,24.655208333333334,2.46875
75,25.688541666666666,27.940625,24.65625,2.252083333333335
66,25.690625,27.912499999999998,24.658333333333335,2.221874999999997
58,28.084374999999998,28.541666666666668,27.052083333333332,0.45729166666667
59,28.453125,28.980208333333334,27.420833333333334,0.5270833333333336
55,28.959374999999998,29.557291666666668,27.927083333333332,0.59791666666667
60,28.967708333333334,29.41875,27.93541666666667,0.451041666666665
51,28.974999999999998,29.553124999999998,27.942708333333332,0.578125
72,28.982291666666665,29.563541666666666,27.95,0.5812500000000007
67,28.990624999999998,29.557291666666668,27.958333333333332,0.56666666666667
72,30.484375,30.838541666666668,29.452083333333334,0.35416666666666785
60,30.491666666666667,30.859375,29.459375,0.36770833333333286
79,30.497916666666665,30.841666666666665,29.465625,0.34375
67,30.56458333333333,30.886458333333334,29.532291666666666,0.32187500000000213
61,32.713541666666664,32.922916666666666,31.68125,0.20937500000000142
58,32.74166666666667,32.928125,31.709375,0.18645833333333428
60,32.885416666666664,34.9625,31.853125,2.0770833333333343
56,32.90833333333333,34.625,31.876041666666666,1.7166666666666686
67,33.97291666666666,35.090625,32.940625,1.11770833333334
64,34.00208333333333,34.81458333333333,32.969791666666666,0.8125
68,35.96041666666667,36.075,34.928125,0.1145833333333357
53,35.97708333333333,36.23020833333333,34.94479166666667,0.25312499999999716
60,36.003125,36.23229166666667,34.97083333333333,0.2291666666666714
65,36.00625,36.09166666666667,34.973958333333336,0.08541666666666714
52,36.219791666666666,36.604166666666664,35.1875,0.3843749999999986
72,36.228125,36.692708333333336,35.19583333333333,0.4645833333333371
60,36.23229166666667,36.458333333333336,35.2,0.22604166666666714
67,36.24166666666667,36.60625,35.209375,0.3645833333333357
44,36.24375,36.55520833333333,35.21145833333333,0.3114583333333343
68,37.37083333333333,37.509375,36.338541666666664,0.13854166666666856
80,37.37291666666667,37.48020833333333,36.340625,0.10729166666666146
64,37.37708333333333,37.516666666666666,36.344791666666666,0.13958333333333428
71,37.407291666666666,37.61770833333333,36.375,0.21041666666666714
67,37.53958333333333,38.03958333333333,36.50729166666667,0.5
72,37.56041666666667,37.901041666666664,36.528125,0.34062499999999574
79,37.56666666666666,37.81458333333333,36.534375,0.24791666666666856
60,37.5875,38.72291666666666,36.55520833333333,1.1354166666666643
61,39.604166666666664,39.791666666666664,38.571875,0.1875
58,39.628125,39.795833333333334,38.59583333333333,0.16770833333333712
60,39.770833333333336,42.052083333333336,38.73854166666667,2.28125
56,39.78125,41.485416666666666,38.748958333333334,1.7041666666666657
67,40.87083333333333,42.12916666666666,39.838541666666664,1.2583333333333329
64,40.8875,41.95729166666666,39.85520833333334,1.06979166666666
68,42.778125,42.921875,41.74583333333334,0.14374999999999716
55,42.80104166666666,42.911458333333336,41.76875,0.11041666666667282
60,42.807291666666664,43.0,41.775,0.1927083333333357
65,42.815625,42.940625,41.78333333333333,0.125
53,42.938541666666666,43.151041666666664,41.90625,0.21249999999999858
52,43.18020833333333,43.55416666666667,42.14791666666667,0.3739583333333343
44,43.182291666666664,43.49166666666667,42.15,0.30937500000000284
72,43.190625,43.60729166666667,42.15833333333333,0.4166666666666714
67,43.197916666666664,43.579166666666666,42.165625,0.3812500000000014
60,43.19895833333333,43.45,42.166666666666664,0.2510416666666728
80,44.375,44.51354166666667,43.342708333333334,0.13854166666666856
64,44.38854166666667,44.552083333333336,43.35625,0.16354166666666714
68,44.39375,44.54479166666667,43.36145833333333,0.1510416666666714
71,44.41458333333333,44.59583333333333,43.38229166666667,0.18124999999999858
79,44.598958333333336,44.76354166666667,43.56666666666667,0.16458333333333286
72,44.60625,44.66041666666666,43.57395833333334,0.054166666666660035
67,44.60729166666667,44.865625,43.575,0.25833333333333286
60,44.608333333333334,44.940625,43.57604166666667,0.3322916666666629
40,46.532291666666666,46.594791666666666,45.5,0.0625
36,46.55104166666666,46.6125,45.51875,0.06145833333333428
38,46.59375,46.782291666666666,45.561458333333334,0.18854166666666572
41,46.62291666666667,46.88854166666667,45.590625,0.265625
40,46.702083333333334,46.77395833333333,45.66979166666667,0.07187499999999858
43,46.70729166666666,46.797916666666666,45.675,0.09062500000000284
44,46.78125,46.873958333333334,45.748958333333334,0.09270833333333428
46,46.846875,46.922916666666666,45.81458333333333,0.07604166666666856
42,46.925,46.965625,45.89270833333333,0.040625000000005684
47,46.93020833333333,47.03854166666667,45.89791666666667,0.10833333333333428
43,46.98125,47.059375,45.94895833333334,0.078125
48,47.01979166666666,47.47083333333333,45.9875,0.45104166666666856
44,47.04895833333333,47.50416666666666,46.016666666666666,0.45520833333333144
68,48.209375,49.45104166666667,47.177083333333336,1.2416666666666671
56,48.213541666666664,49.07604166666667,47.18125,0.8625000000000043
63,48.21458333333333,49.38229166666667,47.182291666666664,1.1677083333333371
54,48.21666666666667,49.463541666666664,47.184375,1.2468749999999957
39,48.22291666666666,49.27395833333333,47.190625,1.05104166666667
44,48.229166666666664,49.35729166666667,47.196875,1.1281250000000043
48,48.23645833333333,49.344791666666666,47.204166666666666,1.1083333333333343
60,48.24270833333333,48.34375,47.21041666666667,0.10104166666666714
60,48.34375,49.059375,47.311458333333334,0.7156250000000028
56,49.890625,49.99166666666667,48.858333333333334,0.10104166666666714
41,49.891666666666666,49.971875,48.859375,0.08020833333333144
70,49.89270833333333,50.08229166666666,48.860416666666666,0.18958333333333144
61,49.895833333333336,49.9875,48.86354166666667,0.09166666666666146
58,49.896875,49.98020833333333,48.864583333333336,0.0833333333333286
46,49.89791666666667,49.9875,48.865625,0.08958333333333002
65,49.89791666666667,49.989583333333336,48.865625,0.09166666666666856
49,49.90208333333333,49.9875,48.869791666666664,0.08541666666666714
72,50.28541666666666,50.848958333333336,49.253125,0.5635416666666728
58,50.28541666666666,50.860416666666666,49.253125,0.5750000000000028
43,50.28854166666667,50.6,49.25625,0.3114583333333343
67,50.28958333333333,50.79270833333333,49.25729166666667,0.5031249999999972
48,50.290625,50.702083333333334,49.25833333333333,0.4114583333333357
52,50.29270833333333,50.771875,49.260416666666664,0.4791666666666714
64,50.29479166666667,50.759375,49.2625,0.46458333333333
60,50.295833333333334,50.63645833333333,49.26354166666667,0.34062499999999574
79,51.490625,51.69166666666666,50.458333333333336,0.20104166666666146
67,51.49270833333333,51.6875,50.46041666666667,0.19479166666666714
60,51.494791666666664,51.782291666666666,50.4625,0.2875000000000014
72,51.501041666666666,51.69895833333333,50.46875,0.1979166666666643
73,52.93125,53.41354166666667,51.89895833333333,0.48229166666666856
56,52.936458333333334,53.38854166666667,51.90416666666667,0.4520833333333343
41,52.9375,53.33125,51.905208333333334,0.39374999999999716
68,52.9375,53.44166666666666,51.905208333333334,0.5041666666666629
61,52.938541666666666,53.329166666666666,51.90625,0.390625
65,52.94166666666666,53.37291666666667,51.909375,0.4312500000000057
49,52.94895833333333,53.37916666666666,51.916666666666664,0.43020833333333286
46,52.949999999999996,53.36354166666666,51.91770833333333,0.41354166666666714
58,54.01145833333333,54.59375,52.979166666666664,0.58229166666667
75,54.01145833333333,54.65833333333333,52.979166666666664,0.6468750000000014
43,54.015625,54.514583333333334,52.983333333333334,0.4989583333333343
70,54.015625,54.646875,52.983333333333334,0.6312500000000014
48,54.01770833333333,54.51770833333333,52.985416666666666,0.5
63,54.01979166666666,54.473958333333336,52.9875,0.4541666666666728
67,54.02395833333333,54.545833333333334,52.99166666666667,0.5218750000000014
51,54.02916666666667,54.561458333333334,52.996875,0.5322916666666657
44,54.90833333333333,55.00833333333333,53.876041666666666,0.10000000000000142
50,54.94166666666666,55.052083333333336,53.909375,0.11041666666667282
53,54.959375,55.05520833333333,53.927083333333336,0.09583333333333144
77,54.963541666666664,55.12291666666667,53.93125,0.15937500000000426
65,54.971875,55.077083333333334,53.93958333333333,0.10520833333333712
68,54.971875,55.106249999999996,53.93958333333333,0.13437499999999858
72,54.973958333333336,55.10208333333333,53.94166666666667,0.12812499999999716
60,54.975,55.088541666666664,53.942708333333336,0.11354166666666288
75,55.047916666666666,55.11145833333333,54.015625,0.06354166666666572
46,55.286458333333336,55.4,54.25416666666667,0.11354166666666288
61,55.286458333333336,55.43020833333333,54.25416666666667,0.14374999999999716
79,55.286458333333336,55.43541666666667,54.25416666666667,0.14895833333333286
55,55.28958333333333,55.40833333333333,54.25729166666667,0.11874999999999858
70,55.290625,55.428125,54.25833333333333,0.13750000000000284
73,55.291666666666664,55.44895833333333,54.259375,0.15729166666666572
67,55.293749999999996,55.403124999999996,54.26145833333333,0.109375
52,55.293749999999996,55.422916666666666,54.26145833333333,0.12916666666666998
53,55.780208333333334,56.359375,54.74791666666667,0.5791666666666657
63,55.78333333333333,56.50729166666667,54.751041666666666,0.7239583333333357
48,55.791666666666664,56.23645833333333,54.759375,0.44479166666666714
56,55.79895833333333,56.40625,54.766666666666666,0.6072916666666686
75,55.80104166666666,56.521875,54.76875,0.7208333333333385
80,55.802083333333336,56.65,54.76979166666667,0.8479166666666629
68,55.80416666666667,56.28541666666666,54.771875,0.48124999999999574
72,55.807291666666664,56.39479166666666,54.775,0.5874999999999986
80,57.228125,57.40833333333333,56.19583333333333,0.18020833333333286
77,57.23020833333333,57.291666666666664,56.197916666666664,0.06145833333333428
65,57.233333333333334,57.37708333333333,56.20104166666667,0.14374999999999716
74,57.25,57.293749999999996,56.217708333333334,0.04374999999999574
72,57.251041666666666,57.29270833333333,56.21875,0.0416666666666643
65,57.37708333333333,57.708333333333336,56.344791666666666,0.33125000000000426
61,59.10104166666667,59.385416666666664,58.06875,0.28437499999999716
79,59.10104166666667,59.47604166666667,58.06875,0.375
46,59.106249999999996,59.53333333333333,58.07395833333333,0.4270833333333357
55,59.11145833333333,59.41770833333333,58.079166666666666,0.3062499999999986
73,59.1125,59.699999999999996,58.08020833333333,0.5874999999999986
67,59.114583333333336,59.536458333333336,58.08229166666667,0.421875
70,59.115625,59.67395833333333,58.083333333333336,0.55833333333333
52,59.12083333333333,59.447916666666664,58.088541666666664,0.3270833333333343
44,60.262499999999996,60.45729166666666,59.23020833333333,0.19479166666666714
77,60.26354166666667,60.481249999999996,59.23125,0.21770833333332718
68,60.27708333333333,60.44375,59.244791666666664,0.1666666666666714
72,60.27708333333333,60.47708333333333,59.244791666666664,0.20000000000000284
60,60.28125,60.427083333333336,59.248958333333334,0.1458333333333357
65,60.282291666666666,60.449999999999996,59.25,0.16770833333333002
50,60.282291666666666,60.453125,59.25,0.17083333333333428
53,60.28958333333333,60.46041666666667,59.25729166666667,0.17083333333333428
77,60.88645833333333,61.40208333333333,59.854166666666664,0.515625
60,60.891666666666666,61.44583333333333,59.859375,0.5541666666666671
44,60.89375,61.19479166666667,59.86145833333333,0.30104166666667
72,60.89895833333333,61.401041666666664,59.86666666666667,0.5020833333333314
68,60.9,61.317708333333336,59.86770833333333,0.4177083333333371
65,60.90416666666667,61.24791666666667,59.871875,0.34375
53,60.907291666666666,61.328125,59.875,0.4208333333333343
50,60.909375,61.27395833333333,59.87708333333333,0.3645833333333357
72,62.48020833333333,62.79895833333333,61.447916666666664,0.3187500000000014
79,62.494791666666664,62.64270833333333,61.4625,0.14791666666666714
91,62.50416666666666,62.671875,61.471875,0.16770833333333712
84,62.50833333333333,62.625,61.47604166666667,0.11666666666666714
75,64.57083333333333,65.01145833333334,63.53854166666666,0.44062500000001137
70,64.58854166666667,65.13229166666666,63.556250000000006,0.5437499999999886
58,64.58958333333334,64.9,63.55729166666667,0.31041666666666856
63,64.59270833333333,65.29479166666667,63.56041666666667,0.7020833333333343
43,64.59583333333333,64.97291666666666,63.563541666666666,0.37708333333333144
67,64.59895833333333,65.10104166666666,63.56666666666666,0.5020833333333314
51,64.60104166666666,64.94270833333333,63.568749999999994,0.34166666666666856
48,64.61458333333333,64.92916666666666,63.58229166666666,0.31458333333333144
73,65.97708333333333,66.16666666666667,64.94479166666666,0.18958333333334565
56,65.99479166666667,66.13958333333333,64.9625,0.14479166666666288
61,65.99583333333334,66.16041666666666,64.96354166666667,0.16458333333332575
41,66.00104166666667,66.203125,64.96875,0.20208333333333428
65,66.00208333333333,66.16041666666666,64.96979166666667,0.15833333333333144
68,66.00416666666666,66.16354166666666,64.971875,0.15937499999999716
49,66.00833333333333,66.15416666666667,64.97604166666666,0.1458333333333428
46,66.01458333333333,66.159375,64.98229166666667,0.14479166666666288
73,66.70729166666666,67.97916666666667,65.675,1.2718750000000085
56,66.71458333333334,67.73854166666666,65.68229166666667,1.0239583333333258
41,66.71979166666667,67.784375,65.6875,1.0645833333333314
61,66.72083333333333,67.88229166666666,65.68854166666667,1.1614583333333286
65,66.72395833333333,68.07291666666667,65.69166666666666,1.3489583333333428
46,66.73020833333334,68.46354166666667,65.69791666666667,1.7333333333333343
49,66.73229166666667,68.228125,65.7,1.4958333333333371
68,66.734375,68.16354166666666,65.70208333333333,1.42916666666666
71,69.43541666666667,69.61770833333333,68.403125,0.1822916666666572
59,69.45625,69.60520833333334,68.42395833333333,0.14895833333333997
62,69.45625,69.60833333333333,68.42395833333333,0.15208333333333712
50,69.459375,69.61458333333333,68.42708333333333,0.15520833333333428
55,69.4625,69.66145833333333,68.43020833333334,0.1989583333333229
43,69.46354166666667,69.640625,68.43125,0.1770833333333286
67,69.46770833333333,69.60208333333333,68.43541666666667,0.13437499999999147
72,70.16145833333333,70.68645833333333,69.12916666666666,0.5250000000000057
58,70.171875,70.45625,69.13958333333333,0.28437499999999716
48,70.17291666666667,70.58645833333333,69.140625,0.41354166666666003
55,70.17395833333333,70.78020833333333,69.14166666666667,0.6062500000000028
67,70.18020833333333,70.58020833333333,69.14791666666666,0.4000000000000057
40,70.18125,70.54270833333334,69.14895833333334,0.36145833333333144
79,71.615625,71.83333333333333,70.58333333333333,0.21770833333333428
60,71.625,71.90729166666667,70.59270833333333,0.2822916666666657
72,71.63958333333333,71.88958333333333,70.60729166666667,0.25
67,71.64270833333333,71.90520833333333,70.61041666666667,0.26250000000000284
38,73.609375,74.92708333333333,72.57708333333333,1.3177083333333286
54,73.76770833333333,75.43125,72.73541666666667,1.6635416666666742
60,73.89791666666666,75.65104166666667,72.865625,1.7531250000000114
70,74.13020833333333,75.27604166666667,73.09791666666666,1.1458333333333428
69,76.10729166666667,76.23333333333333,75.075,0.12604166666666572
69,76.41770833333334,76.93958333333333,75.38541666666667,0.5218749999999943
39,76.43958333333333,76.70625,75.40729166666667,0.2666666666666657
55,76.44166666666666,76.97395833333333,75.409375,0.5322916666666657
60,76.45,76.58125,75.41770833333334,0.13124999999999432
60,76.58125,76.94479166666666,75.54895833333333,0.3635416666666629
79,77.81979166666666,78.05208333333333,76.7875,0.23229166666666856
60,77.82916666666667,78.05833333333334,76.796875,0.2291666666666714
67,77.840625,78.10833333333333,76.80833333333334,0.26770833333333144
72,77.84166666666667,78.065625,76.809375,0.2239583333333286
37,79.8125,81.37708333333333,78.78020833333333,1.5645833333333314
52,79.946875,82.43333333333334,78.91458333333334,2.4864583333333314
58,80.07291666666667,81.41770833333334,79.040625,1.3447916666666657
68,80.40625,81.875,79.37395833333333,1.46875
67,82.64166666666667,82.796875,81.609375,0.15520833333333428
38,82.98541666666667,83.67604166666666,81.953125,0.6906249999999972
59,83.24270833333333,83.76041666666667,82.21041666666666,0.5177083333333456
53,83.25416666666666,83.8625,82.221875,0.6083333333333343
67,83.32395833333334,83.84375,82.29166666666667,0.5197916666666629
79,84.89375,85.13229166666666,83.86145833333333,0.23854166666666288
59,84.89895833333333,85.18541666666667,83.86666666666666,0.2864583333333428
67,84.9,85.209375,83.86770833333334,0.30937499999998863
71,84.921875,85.134375,83.88958333333333,0.21250000000000568
65,87.75729166666666,89.30104166666666,86.725,1.5437500000000028
53,87.76145833333334,88.51770833333333,86.72916666666667,0.7562499999999943
49,87.765625,88.54479166666667,86.73333333333333,0.7791666666666686
56,87.77916666666667,88.50833333333333,86.746875,0.7291666666666572
49,89.29166666666667,89.60833333333333,88.259375,0.3166666666666629
63,89.29583333333333,90.16770833333334,88.26354166666667,0.8718750000000028
46,89.30833333333334,89.58333333333333,88.27604166666667,0.2749999999999915
55,89.31875,89.540625,88.28645833333333,0.22187500000001137
56,90.071875,90.19375,89.03958333333334,0.12187499999998863
61,90.32708333333333,91.15104166666667,89.29479166666667,0.8239583333333371
57,90.33958333333334,90.93333333333334,89.30729166666667,0.59375
45,90.36041666666667,91.084375,89.328125,0.7239583333333286
52,90.36770833333333,91.08541666666666,89.33541666666666,0.7177083333333343
60,91.99791666666667,92.25,90.965625,0.25208333333333144
44,92.01875,92.22708333333333,90.98645833333333,0.2083333333333286
52,92.01979166666666,92.23541666666667,90.9875,0.21562500000000284
58,92.03020833333333,92.21354166666667,90.99791666666667,0.18333333333333712
48,92.07395833333334,92.234375,91.04166666666667,0.16041666666666288
60,92.62083333333334,93.02083333333333,91.58854166666667,0.3999999999999915
43,92.63020833333333,93.00833333333333,91.59791666666666,0.37812499999999716
52,92.646875,93.075,91.61458333333333,0.4281250000000085
58,92.64791666666666,93.02395833333333,91.615625,0.3760416666666657
48,92.64895833333333,93.04791666666667,91.61666666666666,0.39895833333333997
79,93.92083333333333,94.10520833333334,92.88854166666667,0.18437500000000284
60,93.93645833333333,94.28854166666666,92.90416666666667,0.35208333333332575
72,93.94791666666667,94.18541666666667,92.915625,0.23749999999999716
67,93.94895833333334,94.15833333333333,92.91666666666667,0.20937499999999432
44,95.33958333333334,95.903125,94.30729166666667,0.5635416666666657
46,95.57083333333333,95.88333333333333,94.53854166666666,0.3125
48,95.82395833333334,96.53645833333333,94.79166666666667,0.7124999999999915
41,96.18333333333334,96.5125,95.15104166666667,0.3291666666666657
60,96.190625,96.49791666666667,95.15833333333333,0.3072916666666714
51,96.2,96.459375,95.16770833333334,0.2593749999999915
57,96.215625,96.584375,95.18333333333334,0.3687499999999915
79,97.48020833333334,97.66875,96.44791666666667,0.18854166666666572
67,97.4875,97.66041666666666,96.45520833333333,0.17291666666666572
60,97.48854166666666,97.80104166666666,96.45625,0.3125
72,97.49583333333334,97.69791666666667,96.46354166666667,0.20208333333333428
43,98.97083333333333,99.48020833333334,97.93854166666667,0.5093750000000057
45,99.2375,99.5375,98.20520833333333,0.29999999999999716
48,99.49583333333334,99.97395833333333,98.46354166666667,0.4781249999999915
39,99.89375,100.3125,98.86145833333333,0.41875000000000284
44,99.91770833333334,100.33645833333333,98.88541666666667,0.41874999999998863
60,99.94270833333333,100.26770833333333,98.91041666666666,0.32500000000000284
56,99.959375,100.32604166666667,98.92708333333333,0.36666666666667425
51,99.96458333333334,100.21041666666666,98.93229166666667,0.2458333333333229
80,101.25104166666667,101.40833333333333,100.21875,0.15729166666666572
68,101.265625,101.38854166666667,100.23333333333333,0.12291666666666856
63,101.28229166666667,101.40520833333333,100.25,0.12291666666666856
71,101.28333333333333,101.48854166666666,100.25104166666667,0.20520833333333144
79,101.44895833333334,101.62291666666667,100.41666666666667,0.17395833333333144
72,101.46458333333334,101.73125,100.43229166666667,0.2666666666666657
60,101.46979166666667,101.76875,100.4375,0.29895833333333144
67,101.47708333333333,101.66458333333333,100.44479166666666,0.1875
41,102.94791666666667,103.28645833333333,101.915625,0.3385416666666572
43,103.26041666666667,103.53854166666666,102.228125,0.27812499999998863
44,103.53125,104.33645833333333,102.49895833333333,0.8052083333333258
38,103.96875,104.28125,102.93645833333333,0.3125
60,104.003125,104.31354166666667,102.97083333333333,0.31041666666666856
53,104.02083333333333,104.24895833333333,102.98854166666666,0.22812500000000568
79,105.45625,105.66770833333334,104.42395833333333,0.21145833333333997
60,105.46145833333333,105.76666666666667,104.42916666666666,0.30520833333333997
72,105.46249999999999,105.628125,104.43020833333333,0.16562500000000568
67,105.46458333333334,105.61458333333333,104.43229166666667,0.14999999999999147
39,107.01666666666667,107.87916666666666,105.984375,0.8624999999999972
41,107.38020833333333,107.84375,106.34791666666666,0.4635416666666714
44,107.740625,108.34270833333333,106.70833333333333,0.60208333333334
53,108.22604166666666,110.61979166666667,107.19375,2.3937500000000114
59,108.22604166666666,110.703125,107.19375,2.47708333333334
37,108.2375,108.70520833333333,107.20520833333333,0.4677083333333343
39,108.67604166666666,109.33541666666666,107.64375,0.6593749999999972
41,109.24895833333333,110.1875,108.21666666666667,0.9385416666666657
43,110.125,110.59583333333333,109.09270833333333,0.47083333333333144
60,112.178125,112.66666666666667,111.14583333333333,0.4885416666666771
24,112.19479166666666,112.53020833333333,111.1625,0.33541666666667425
52,112.2,112.62083333333334,111.16770833333334,0.4208333333333343
36,112.2,112.89999999999999,111.16770833333334,0.6999999999999886
43,114.03958333333333,114.675,113.00729166666666,0.6354166666666714
52,114.53541666666666,114.77604166666667,113.503125,0.24062500000000853
52,114.96249999999999,115.08541666666666,113.93020833333333,0.12291666666666856
60,115.33958333333334,115.49374999999999,114.30729166666667,0.15416666666665435
52,115.703125,115.80624999999999,114.67083333333333,0.10312499999999147
52,116.09166666666667,116.48541666666667,115.059375,0.39374999999999716
43,116.47708333333333,116.69375,115.44479166666666,0.21666666666666856
55,117.209375,117.43541666666667,116.17708333333333,0.22604166666667425
52,117.25625,117.55,116.22395833333333,0.29375000000000284
60,117.54375,117.68124999999999,116.51145833333334,0.13749999999998863
55,117.59791666666666,117.89895833333333,116.565625,0.3010416666666629
60,117.88229166666666,118.21354166666667,116.85,0.33125000000001137
67,117.89270833333333,118.29375,116.86041666666667,0.4010416666666714
72,118.23229166666667,118.38645833333334,117.2,0.15416666666666856
64,118.25208333333333,118.41354166666666,117.21979166666667,0.1614583333333286
52,118.55104166666666,118.87083333333334,117.51875,0.31979166666667425
60,118.56354166666667,118.83333333333333,117.53125,0.2697916666666629
67,118.9125,119.4125,117.88020833333333,0.5
55,118.921875,118.99374999999999,117.88958333333333,0.07187499999999147
43,119.24166666666666,119.64895833333333,118.209375,0.4072916666666657
55,119.27708333333334,119.35416666666667,118.24479166666667,0.07708333333333428
36,119.584375,119.65833333333333,118.55208333333333,0.07395833333333712
60,119.93020833333333,120.18645833333333,118.89791666666666,0.2562500000000085
43,119.93645833333333,120.01770833333333,118.90416666666667,0.08124999999999716
52,120.25104166666667,120.328125,119.21875,0.07708333333333428
67,120.253125,120.575,119.22083333333333,0.3218750000000057
72,120.56979166666666,121.07083333333333,119.5375,0.5010416666666657
52,120.57916666666667,120.91562499999999,119.546875,0.33645833333332575
79,120.928125,121.07187499999999,119.89583333333333,0.14374999999999716
60,120.9375,121.07916666666667,119.90520833333333,0.14166666666666572
67,121.25,121.52916666666667,120.21770833333333,0.27916666666666856
52,121.26770833333333,121.32604166666667,120.23541666666667,0.05833333333333712
72,121.60625,122.18229166666667,120.57395833333334,0.5760416666666686
52,121.609375,122.10416666666667,120.57708333333333,0.4947916666666714
60,122.0,122.1,120.96770833333333,0.09999999999999432
43,122.00520833333333,122.11874999999999,120.97291666666666,0.11354166666666288
67,122.675,123.03125,121.64270833333333,0.35625000000000284
52,122.684375,123.01458333333333,121.65208333333334,0.33020833333333144
55,123.015625,123.35104166666666,121.98333333333333,0.33541666666666003
72,123.028125,123.34479166666667,121.99583333333334,0.3166666666666629
79,123.34270833333333,123.9375,122.31041666666667,0.5947916666666657
60,123.35,123.715625,122.31770833333333,0.3656250000000085
84,123.68541666666667,123.865625,122.653125,0.18020833333332575
64,123.71354166666667,123.95416666666667,122.68125,0.24062499999999432
72,124.02083333333333,124.346875,122.98854166666666,0.32604166666666856
52,124.02916666666667,124.346875,122.996875,0.3177083333333286
79,124.365625,125.096875,123.33333333333333,0.7312500000000028
55,124.40416666666667,124.69687499999999,123.371875,0.2927083333333229
43,124.709375,124.809375,123.67708333333333,0.10000000000000853
67,124.825,124.87916666666666,123.79270833333334,0.054166666666660035
24,125.16875,125.22916666666667,124.13645833333334,0.06041666666666856
36,125.171875,125.25937499999999,124.13958333333333,0.08749999999999147
72,125.56666666666666,126.21354166666667,124.534375,0.6468750000000085
43,125.58854166666667,125.83541666666666,124.55625,0.24687499999998863
79,125.95729166666666,126.315625,124.925,0.3583333333333343
52,125.965625,126.25,124.93333333333334,0.28437499999999716
60,126.26666666666667,126.98020833333334,125.234375,0.7135416666666714
84,126.284375,126.33854166666667,125.25208333333333,0.054166666666674246
72,126.3875,126.5,125.35520833333334,0.11249999999999716
79,126.521875,126.690625,125.48958333333333,0.16875000000000284
84,126.64166666666667,127.10729166666667,125.609375,0.46562500000000284
67,126.87083333333334,127.35312499999999,125.83854166666667,0.48229166666665435
91,127.03125,127.12708333333333,125.99895833333333,0.09583333333333144
60,127.45104166666667,127.83854166666667,126.41875,0.38750000000000284
79,127.53229166666667,128.29375,126.5,0.7614583333333229
84,127.84479166666667,128.24270833333333,126.8125,0.39791666666666003
52,127.85833333333333,128.38645833333334,126.82604166666667,0.5281250000000028
72,128.20625,128.36770833333333,127.17395833333335,0.16145833333331439
43,128.21145833333333,128.309375,127.17916666666666,0.09791666666666288
67,128.92916666666667,129.44479166666667,127.89687500000001,0.515625
52,128.94479166666667,129.25208333333333,127.91250000000001,0.3072916666666572
55,129.26770833333333,129.61354166666666,128.23541666666665,0.34583333333333144
72,129.29270833333334,129.634375,128.26041666666666,0.34166666666666856
79,129.590625,129.7375,128.5583333333333,0.14687500000002274
60,129.62708333333333,129.96458333333334,128.59479166666665,0.3375000000000057
79,129.93645833333332,130.19895833333334,128.90416666666664,0.26250000000001705
64,129.95833333333334,130.20833333333334,128.92604166666666,0.25
72,130.26770833333333,130.89375,129.23541666666665,0.6260416666666799
52,130.290625,130.61145833333333,129.25833333333333,0.32083333333332575
55,130.64895833333333,131.00104166666665,129.61666666666665,0.35208333333332575
84,130.68020833333333,130.84895833333334,129.64791666666665,0.16875000000001705
79,130.721875,130.79270833333334,129.68958333333333,0.07083333333332575
43,131.06041666666667,131.14270833333333,130.028125,0.08229166666666288
67,131.19270833333334,131.259375,130.16041666666666,0.06666666666666288
72,131.29375,131.425,130.2614583333333,0.13125000000002274
76,131.4375,131.76875,130.40520833333332,0.33125000000001137
24,131.690625,131.79895833333333,130.65833333333333,0.10833333333332007
36,131.709375,131.86979166666666,130.67708333333331,0.16041666666666288
84,131.71875,131.78645833333334,130.68645833333332,0.06770833333334281
60,132.30416666666667,132.72708333333333,131.271875,0.4229166666666515
43,132.31145833333332,132.47291666666666,131.27916666666664,0.1614583333333428
67,132.675,133.23125,131.64270833333333,0.5562499999999773
52,132.68125,132.77604166666666,131.64895833333333,0.09479166666665151
52,133.02083333333334,133.35833333333332,131.98854166666666,0.33749999999997726
72,133.04583333333332,133.13125,132.01354166666664,0.08541666666667425
72,133.39166666666665,134.71979166666665,132.35937499999997,1.328125
60,133.39583333333334,133.55625,132.36354166666666,0.16041666666666288
52,133.77083333333334,133.853125,132.73854166666666,0.08229166666666288
67,133.77708333333334,134.68333333333334,132.74479166666666,0.90625
52,134.134375,134.56770833333334,133.10208333333333,0.4333333333333371
60,134.49583333333334,134.61979166666666,133.46354166666666,0.12395833333332007
43,134.49895833333332,134.62708333333333,133.46666666666664,0.12812500000001137
67,135.20729166666666,135.83020833333333,134.17499999999998,0.6229166666666686
52,135.2375,135.69166666666666,134.20520833333333,0.4541666666666515
55,135.59791666666666,136.11041666666665,134.56562499999998,0.5124999999999886
79,135.725,136.78020833333332,134.69270833333331,1.0552083333333258
76,135.76979166666666,135.915625,134.73749999999998,0.1458333333333428
60,136.10520833333334,136.45729166666666,135.07291666666666,0.35208333333332575
67,136.11979166666666,136.34791666666666,135.08749999999998,0.22812500000000568
64,136.45,136.68854166666665,135.4177083333333,0.23854166666666288
52,136.78333333333333,137.08229166666666,135.75104166666665,0.29895833333333144
67,136.8,137.20416666666665,135.76770833333333,0.40416666666664014
55,137.10625,137.54166666666666,136.0739583333333,0.43541666666666856
81,137.171875,137.42083333333332,136.13958333333332,0.24895833333332007
72,137.203125,137.615625,136.17083333333332,0.4124999999999943
43,137.53125,137.60104166666667,136.49895833333332,0.06979166666667425
64,137.54375,137.58645833333333,136.5114583333333,0.04270833333333712
67,137.828125,138.565625,136.79583333333332,0.7375000000000114
72,137.94583333333333,138.5,136.91354166666665,0.5541666666666742
76,138.0375,138.48645833333333,137.00520833333331,0.4489583333333371
33,138.28125,138.55104166666666,137.24895833333332,0.2697916666666629
83,138.384375,138.48958333333334,137.35208333333333,0.10520833333333712
52,139.071875,139.4375,138.03958333333333,0.3656249999999943
60,139.075,139.44895833333334,138.0427083333333,0.3739583333333485
55,139.446875,139.86458333333334,138.41458333333333,0.4177083333333371
67,139.47083333333333,139.95625,138.43854166666665,0.48541666666667993
60,139.79895833333333,140.18229166666666,138.76666666666665,0.38333333333332575
72,139.82708333333332,139.96145833333333,138.79479166666664,0.13437500000000568
64,140.16875,140.38125,139.1364583333333,0.21250000000000568
72,140.18020833333333,141.046875,139.14791666666665,0.8666666666666742
55,140.51770833333333,140.884375,139.48541666666665,0.36666666666667425
67,140.56145833333332,141.046875,139.52916666666664,0.48541666666667993
60,140.921875,141.0,139.88958333333332,0.078125
52,141.296875,141.41041666666666,140.26458333333332,0.11354166666666288
60,141.340625,141.98854166666666,140.3083333333333,0.6479166666666742
31,141.86354166666666,142.03229166666665,140.83124999999998,0.16874999999998863
43,142.328125,143.21875,141.29583333333332,0.890625
64,142.38854166666667,142.47708333333333,141.35625,0.08854166666665719
67,142.521875,142.63645833333334,141.48958333333331,0.11458333333334281
72,142.66041666666666,142.96770833333332,141.62812499999998,0.3072916666666572
81,142.925,143.0,141.89270833333333,0.07499999999998863
52,143.31145833333332,143.65208333333334,142.27916666666664,0.34062500000001705
60,143.65104166666666,143.728125,142.61874999999998,0.07708333333334849
67,144.02083333333334,144.53645833333334,142.98854166666666,0.515625
52,144.02395833333333,144.1,142.99166666666665,0.07604166666666856
52,144.39479166666666,144.91875,143.36249999999998,0.5239583333333258
79,144.48333333333332,144.60104166666667,143.45104166666664,0.11770833333335418
72,144.5,144.57083333333333,143.46770833333332,0.07083333333332575
43,144.89895833333333,145.02291666666667,143.86666666666665,0.12395833333334849
55,145.04270833333334,145.10520833333334,144.01041666666666,0.0625
60,145.140625,145.27083333333334,144.10833333333332,0.1302083333333428
64,145.27916666666667,145.67708333333334,144.246875,0.39791666666667425
24,145.578125,145.71666666666667,144.54583333333332,0.13854166666666856
72,145.578125,145.82604166666667,144.54583333333332,0.24791666666666856
36,145.578125,145.85104166666667,144.54583333333332,0.27291666666667425
43,146.178125,146.54791666666665,145.14583333333331,0.3697916666666572
52,146.53541666666666,146.64583333333334,145.50312499999998,0.11041666666667993
72,146.92604166666666,147.12916666666666,145.89374999999998,0.203125
60,146.95,147.028125,145.9177083333333,0.078125
52,146.95104166666667,147.11666666666667,145.91875,0.16562500000000568
72,147.340625,147.684375,146.3083333333333,0.34375
60,147.36354166666666,147.48229166666667,146.33124999999998,0.11875000000000568
64,147.37708333333333,147.56458333333333,146.34479166666665,0.1875
52,147.70833333333334,147.809375,146.67604166666666,0.10104166666664582
60,147.728125,147.990625,146.69583333333333,0.26249999999998863
52,148.1,148.58333333333334,147.06770833333331,0.4833333333333485
64,148.10208333333333,149.60625,147.06979166666665,1.5041666666666629
55,148.47708333333333,149.1,147.44479166666665,0.6229166666666686
43,148.5,148.65625,147.46770833333332,0.15625
35,149.01041666666666,149.20729166666666,147.97812499999998,0.19687500000000568
52,149.53854166666667,149.96458333333334,148.50625,0.4260416666666629
60,149.54583333333332,150.04583333333332,148.51354166666664,0.5
55,149.953125,150.64479166666666,148.92083333333332,0.6916666666666629
67,150.01979166666666,151.45104166666667,148.98749999999998,1.4312500000000057
62,150.06354166666665,150.325,149.03124999999997,0.2614583333333371
60,150.37708333333333,150.45,149.34479166666665,0.07291666666665719
52,150.39375,150.775,149.36145833333333,0.3812499999999943
64,150.715625,151.01145833333334,149.6833333333333,0.2958333333333485
52,151.03333333333333,151.36145833333333,150.00104166666665,0.328125
60,151.05625,151.346875,150.02395833333333,0.2906250000000057
55,151.38229166666667,151.84479166666665,150.35,0.46249999999997726
69,151.44166666666666,152.165625,150.40937499999998,0.7239583333333428
62,151.47395833333334,151.67291666666665,150.44166666666666,0.1989583333333087
52,151.81875,151.90625,150.78645833333331,0.08750000000000568
60,151.87291666666667,151.928125,150.840625,0.055208333333325754
60,152.06354166666665,152.7125,151.03124999999997,0.6489583333333542
64,152.19791666666666,152.66666666666666,151.16562499999998,0.46875
33,152.41875,152.68541666666667,151.3864583333333,0.26666666666667993
71,152.51979166666666,153.42395833333333,151.48749999999998,0.9041666666666686
52,153.109375,153.446875,152.07708333333332,0.3375000000000057
60,153.11458333333334,153.37604166666665,152.08229166666666,0.2614583333333087
55,153.44791666666666,153.796875,152.41562499999998,0.3489583333333428
64,153.45,153.696875,152.4177083333333,0.24687500000001705
71,153.79479166666667,154.31041666666667,152.7625,0.515625
60,153.81875,154.18125,152.78645833333331,0.36250000000001137
76,154.18020833333333,154.34895833333334,153.14791666666665,0.16875000000001705
64,154.19479166666667,154.34375,153.1625,0.14895833333332575
55,154.51979166666666,154.853125,153.48749999999998,0.3333333333333428
64,154.54270833333334,155.44791666666666,153.51041666666666,0.9052083333333201
60,154.91354166666667,154.97708333333333,153.88125,0.06354166666665151
52,155.30833333333334,155.43645833333332,154.27604166666666,0.12812499999998295
60,155.334375,156.10729166666667,154.30208333333331,0.7729166666666742
31,155.88854166666667,156.10625,154.85625,0.21770833333332007
60,156.41458333333333,157.28229166666665,155.38229166666665,0.8677083333333258
43,156.41979166666667,157.00833333333333,155.3875,0.5885416666666572
52,156.82395833333334,157.05833333333334,155.79166666666666,0.234375
69,156.93958333333333,157.72604166666667,155.90729166666665,0.7864583333333428
52,157.290625,157.57708333333332,156.25833333333333,0.2864583333333144
64,157.30729166666666,157.421875,156.27499999999998,0.11458333333334281
72,157.646875,157.87395833333332,156.61458333333331,0.22708333333332575
60,157.65416666666667,157.73854166666666,156.621875,0.08437499999999432
52,158.00104166666665,158.07708333333332,156.96874999999997,0.07604166666666856
60,158.00625,158.24791666666667,156.97395833333331,0.24166666666667425
67,158.39479166666666,158.83333333333334,157.36249999999998,0.43854166666667993
52,158.41770833333334,158.79583333333332,157.38541666666666,0.37812499999998295
43,158.86875,158.95520833333333,157.83645833333333,0.08645833333332575
55,158.87395833333332,159.05833333333334,157.84166666666664,0.18437500000001705
60,159.54895833333333,160.06875,158.51666666666665,0.5197916666666629
36,159.56041666666667,159.93854166666665,158.528125,0.37812499999998295
24,159.56354166666665,159.76354166666667,158.53124999999997,0.20000000000001705
52,159.584375,159.92916666666667,158.55208333333331,0.34479166666667993
55,160.196875,160.51458333333332,159.16458333333333,0.3177083333333144
43,160.24583333333334,160.45833333333334,159.21354166666666,0.21250000000000568
67,160.55833333333334,160.88333333333333,159.52604166666666,0.32499999999998863
52,160.59479166666665,160.684375,159.56249999999997,0.08958333333333712
60,160.91875,161.09583333333333,159.8864583333333,0.1770833333333428
52,160.946875,161.20625,159.91458333333333,0.2593750000000057
60,161.31145833333332,161.45833333333334,160.27916666666664,0.14687500000002274
72,161.33125,161.50729166666667,160.29895833333333,0.17604166666666288
60,161.67916666666667,161.946875,160.646875,0.26770833333333144
52,161.68229166666666,161.76145833333334,160.64999999999998,0.07916666666667993
67,162.0125,162.284375,160.9802083333333,0.27187500000002274
52,162.04166666666666,162.41666666666666,161.00937499999998,0.375
55,162.41354166666667,162.49583333333334,161.38125,0.08229166666666288
43,162.42604166666666,162.64375,161.39374999999998,0.2177083333333485
43,163.17083333333332,163.79479166666667,162.13854166666664,0.6239583333333485
52,163.65520833333332,163.85729166666667,162.62291666666664,0.2020833333333485
59,163.76041666666666,164.16145833333334,162.72812499999998,0.4010416666666856
52,164.165625,164.315625,163.13333333333333,0.15000000000000568
55,164.19895833333334,164.3625,163.16666666666666,0.16354166666667425
67,164.49375,165.00833333333333,163.46145833333333,0.5145833333333201
64,164.49479166666666,164.67708333333334,163.46249999999998,0.18229166666668561
52,164.83125,165.44583333333333,163.79895833333333,0.6145833333333144
55,164.84791666666666,165.21354166666666,163.81562499999998,0.3656249999999943
57,165.184375,165.540625,164.1520833333333,0.35625000000001705
43,165.61458333333334,165.675,164.58229166666666,0.06041666666666856
24,166.078125,166.69270833333334,165.04583333333332,0.6145833333333428
36,166.25833333333333,166.79270833333334,165.22604166666665,0.5343750000000114
53,166.28333333333333,166.72604166666667,165.25104166666665,0.4427083333333428
57,166.28541666666666,166.85104166666667,165.25312499999998,0.5656250000000114
62,166.334375,166.98645833333333,165.30208333333331,0.6520833333333371
67,166.50625,167.67395833333333,165.47395833333331,1.1677083333333371
43,167.20416666666665,167.54270833333334,166.17187499999997,0.3385416666666856
53,167.584375,167.81979166666667,166.55208333333331,0.23541666666667993
64,167.6,167.89583333333334,166.56770833333331,0.2958333333333485
62,167.89479166666666,168.12604166666665,166.86249999999998,0.23124999999998863
57,167.90833333333333,167.98854166666666,166.87604166666665,0.08020833333333144
67,168.14375,168.30104166666666,167.11145833333333,0.1572916666666515
57,168.37708333333333,168.471875,167.34479166666665,0.09479166666667993
53,168.39479166666666,168.634375,167.36249999999998,0.2395833333333428
70,168.61354166666666,168.86354166666666,167.58124999999998,0.25
57,168.62395833333332,168.80208333333334,167.59166666666664,0.17812500000002274
62,168.859375,169.13854166666667,167.82708333333332,0.27916666666666856
69,168.86666666666667,168.99166666666667,167.834375,0.125
61,169.13645833333334,169.50104166666665,168.10416666666666,0.3645833333333144
76,169.23333333333332,169.60833333333332,168.20104166666664,0.375
57,169.53125,169.815625,168.49895833333332,0.28437500000001137
69,169.54479166666667,169.890625,168.5125,0.34583333333333144
77,169.81458333333333,170.05,168.78229166666665,0.23541666666667993
61,169.828125,169.98854166666666,168.79583333333332,0.16041666666666288
76,170.03229166666665,170.31458333333333,168.99999999999997,0.28229166666667993
67,170.0375,170.14791666666667,169.00520833333331,0.11041666666667993
81,170.26041666666666,170.409375,169.22812499999998,0.14895833333335418
73,170.2625,170.32395833333334,169.2302083333333,0.06145833333334849
69,170.4875,170.56770833333334,169.45520833333333,0.08020833333333144
74,170.715625,171.009375,169.6833333333333,0.29375000000001705
70,170.75104166666665,171.009375,169.71874999999997,0.2583333333333542
53,170.75208333333333,171.02916666666667,169.71979166666665,0.2770833333333371
57,171.00416666666666,171.171875,169.97187499999998,0.16770833333333712
69,171.00416666666666,171.20729166666666,169.97187499999998,0.203125
62,171.28229166666665,171.56979166666667,170.24999999999997,0.28750000000002274
74,171.28333333333333,171.625,170.25104166666665,0.34166666666666856
57,171.571875,171.89166666666665,170.53958333333333,0.3197916666666458
69,171.6375,171.97604166666667,170.6052083333333,0.3385416666666856
76,171.921875,172.11666666666667,170.88958333333332,0.19479166666667425
62,171.928125,172.059375,170.89583333333331,0.13124999999999432
74,172.16979166666667,172.55625,171.1375,0.3864583333333371
69,172.20625,172.23958333333334,171.17395833333333,0.03333333333333144
81,172.39583333333334,172.546875,171.36354166666666,0.1510416666666572
69,172.61041666666665,172.66354166666667,171.57812499999997,0.05312500000002274
31,172.84583333333333,173.04375,171.81354166666665,0.1979166666666572
71,172.84791666666666,173.10208333333333,171.81562499999998,0.2541666666666629
43,173.08333333333334,173.128125,172.05104166666666,0.04479166666666856
69,173.09791666666666,173.57395833333334,172.06562499999998,0.47604166666667425
76,173.39166666666665,173.58645833333333,172.35937499999997,0.19479166666667425
59,173.396875,173.46770833333332,172.36458333333331,0.07083333333332575
53,173.409375,173.49375,172.37708333333333,0.08437499999999432
64,173.646875,173.703125,172.61458333333331,0.056250000000005684
43,173.90729166666665,174.134375,172.87499999999997,0.22708333333335418
64,173.90833333333333,174.12083333333334,172.87604166666665,0.21250000000000568
62,174.13020833333334,174.60729166666667,173.09791666666666,0.47708333333332575
52,174.14270833333333,174.375,173.11041666666665,0.23229166666666856
69,174.36666666666667,174.65729166666665,173.334375,0.29062499999997726
53,174.4125,174.521875,173.38020833333331,0.109375
59,174.60625,174.96979166666665,173.5739583333333,0.3635416666666629
57,174.903125,174.98229166666667,173.8708333333333,0.07916666666667993
64,174.95416666666665,175.18020833333333,173.92187499999997,0.22604166666667425
62,175.21145833333333,175.26354166666667,174.17916666666665,0.05208333333334281
24,175.43958333333333,175.76770833333333,174.40729166666665,0.328125
53,175.646875,175.95104166666667,174.61458333333331,0.30416666666667425
57,175.65208333333334,176.05833333333334,174.61979166666666,0.40625
36,175.6625,175.91875,174.63020833333331,0.2562499999999943
62,175.66979166666667,176.15625,174.6375,0.48645833333333144
67,175.81458333333333,176.646875,174.78229166666665,0.8322916666666629
43,176.35,176.53229166666665,175.31770833333331,0.1822916666666572
53,176.5125,176.67708333333334,175.4802083333333,0.16458333333335418
64,176.55625,176.82083333333333,175.52395833333333,0.26458333333332007
57,176.76145833333334,176.83125,175.72916666666666,0.06979166666667425
62,176.8,177.07291666666666,175.76770833333333,0.2729166666666458
67,177.0375,177.16145833333334,176.00520833333331,0.12395833333334849
53,177.23020833333334,177.47083333333333,176.19791666666666,0.24062499999999432
57,177.240625,177.32708333333332,176.20833333333331,0.08645833333332575
57,177.44895833333334,177.63541666666666,176.41666666666666,0.18645833333332007
70,177.46041666666667,177.71875,176.428125,0.25833333333332575
62,177.678125,178.01979166666666,176.64583333333331,0.34166666666666856
69,177.68229166666666,177.78645833333334,176.64999999999998,0.10416666666668561
61,178.00416666666666,178.40416666666667,176.97187499999998,0.4000000000000057
76,178.07604166666667,178.47395833333334,177.04375,0.39791666666667425
57,178.3875,178.67604166666666,177.3552083333333,0.28854166666667425
69,178.39791666666667,178.80625,177.365625,0.40833333333333144
61,178.65729166666665,178.84583333333333,177.62499999999997,0.18854166666667993
77,178.66875,178.8875,177.6364583333333,0.21875
76,178.88333333333333,179.103125,177.85104166666665,0.21979166666667993
67,178.90520833333332,179.00625,177.87291666666664,0.10104166666667425
81,179.109375,179.26666666666665,178.07708333333332,0.1572916666666515
73,179.11770833333333,179.17395833333333,178.08541666666665,0.056250000000005684
69,179.32395833333334,179.45,178.29166666666666,0.1260416666666515
74,179.56770833333334,179.96979166666665,178.53541666666666,0.4020833333333087
53,179.57083333333333,179.8875,178.53854166666665,0.3166666666666629
70,179.58958333333334,179.86875,178.55729166666666,0.27916666666666856
57,179.84375,180.07708333333332,178.81145833333332,0.23333333333332007
69,179.85625,180.115625,178.8239583333333,0.2593750000000057
62,180.153125,180.42083333333332,179.1208333333333,0.26770833333333144
74,180.18958333333333,180.546875,179.15729166666665,0.35729166666666856
57,180.49479166666666,181.16979166666667,179.46249999999998,0.6750000000000114
69,180.5125,180.57708333333332,179.4802083333333,0.06458333333333144
62,180.87916666666666,181.23541666666665,179.84687499999998,0.35624999999998863
83,180.95104166666667,181.31979166666667,179.91875,0.3687500000000057
81,181.28125,181.671875,180.24895833333332,0.390625
69,181.29375,181.33958333333334,180.2614583333333,0.04583333333334849
88,181.503125,181.68645833333332,180.47083333333333,0.1833333333333087
76,181.72916666666666,181.80208333333334,180.69687499999998,0.07291666666668561
76,181.96354166666666,182.21041666666667,180.93124999999998,0.24687500000001705
31,181.97708333333333,182.17291666666665,180.94479166666665,0.19583333333332575
43,182.18854166666665,182.23229166666667,181.15624999999997,0.04375000000001705
74,182.18958333333333,182.71458333333334,181.15729166666665,0.5250000000000057
59,182.490625,182.584375,181.45833333333331,0.09375
81,182.50520833333334,182.696875,181.47291666666666,0.19166666666666288
53,182.51041666666666,182.6,181.47812499999998,0.08958333333333712
69,182.784375,182.85104166666667,181.75208333333333,0.06666666666666288
43,182.98854166666666,183.32083333333333,181.95624999999998,0.3322916666666629
71,183.02708333333334,183.23333333333332,181.99479166666666,0.20624999999998295
52,183.24270833333333,183.503125,182.21041666666665,0.2604166666666856
69,183.24375,183.70729166666666,182.21145833333333,0.4635416666666572
76,183.49895833333332,183.778125,182.46666666666664,0.27916666666666856
53,183.51458333333332,183.596875,182.48229166666664,0.0822916666666913
64,183.78854166666667,184.278125,182.75625,0.4895833333333144
60,184.13541666666666,184.18958333333333,183.10312499999998,0.054166666666674246
69,184.19791666666666,184.52291666666667,183.16562499999998,0.32500000000001705
67,184.54375,184.615625,183.5114583333333,0.07187500000000568
24,185.01770833333333,185.240625,183.98541666666665,0.22291666666666288
60,185.165625,185.44270833333334,184.13333333333333,0.2770833333333371
36,185.20416666666665,185.37708333333333,184.17187499999997,0.17291666666667993
53,185.20625,185.303125,184.17395833333333,0.09687499999998295
58,185.209375,185.45208333333332,184.17708333333331,0.24270833333332575
43,185.70520833333333,185.95625,184.67291666666665,0.25104166666667993
48,186.01770833333333,186.34791666666666,184.98541666666665,0.33020833333333144
53,186.25729166666667,186.475,185.225,0.21770833333332007
67,186.5375,186.675,185.50520833333331,0.13750000000001705
55,186.54791666666665,186.79479166666667,185.51562499999997,0.24687500000001705
48,186.77604166666666,186.96041666666667,185.74374999999998,0.18437500000001705
43,186.98958333333334,187.20208333333332,185.95729166666666,0.21249999999997726
36,187.2125,187.76875,186.18020833333333,0.5562500000000057
61,187.49270833333333,188.31875,186.46041666666665,0.8260416666666686
52,187.521875,187.65104166666666,186.48958333333331,0.12916666666666288
58,187.52291666666667,187.78125,186.490625,0.25833333333332575
44,187.80833333333334,188.11458333333334,186.77604166666666,0.3062500000000057
52,188.10625,188.28645833333334,187.0739583333333,0.18020833333335418
68,188.23958333333334,189.33645833333333,187.20729166666666,1.096874999999983
56,188.44479166666667,188.696875,187.4125,0.25208333333333144
64,188.72083333333333,188.86458333333334,187.68854166666665,0.14375000000001137
58,188.91666666666666,188.97291666666666,187.88437499999998,0.056250000000005684
52,189.16979166666667,189.24375,188.1375,0.07395833333333712
42,189.39583333333334,189.44270833333334,188.36354166666666,0.046875
62,189.4,189.56458333333333,188.36770833333333,0.16458333333332575
36,189.69791666666666,189.85729166666667,188.66562499999998,0.15937500000001137
24,189.70208333333332,189.815625,188.66979166666664,0.1135416666666913
62,189.728125,190.78020833333332,188.69583333333333,1.0520833333333144
60,189.76041666666666,190.75104166666665,188.72812499999998,0.9906249999999943
55,189.77708333333334,190.02916666666667,188.74479166666666,0.25208333333333144
45,190.09479166666665,190.26458333333332,189.06249999999997,0.16979166666666856
50,190.28645833333334,190.50208333333333,189.25416666666666,0.21562499999998863
55,190.50208333333333,190.675,189.46979166666665,0.17291666666667993
69,190.72395833333334,190.95104166666667,189.69166666666666,0.22708333333332575
57,190.73020833333334,190.91458333333333,189.69791666666666,0.18437499999998863
50,190.93854166666665,191.121875,189.90624999999997,0.18333333333333712
45,191.14791666666667,191.31666666666666,190.115625,0.16874999999998863
36,191.35833333333332,191.96875,190.32604166666664,0.6104166666666799
38,191.38125,191.42604166666666,190.34895833333331,0.04479166666666856
63,191.64375,192.33229166666666,190.61145833333333,0.6885416666666515
54,191.65,191.73020833333334,190.61770833333333,0.08020833333333144
60,191.65416666666667,191.98958333333334,190.621875,0.33541666666667425
44,191.91145833333334,192.20208333333332,190.87916666666666,0.29062499999997726
54,192.18333333333334,192.27916666666667,191.15104166666666,0.09583333333333144
70,192.3,193.31875,191.26770833333333,1.018749999999983
58,192.47604166666667,192.72395833333334,191.44375,0.24791666666666856
66,192.75104166666665,192.85520833333334,191.71874999999997,0.10416666666668561
60,192.94479166666667,193.003125,191.9125,0.05833333333333712
54,193.178125,193.253125,192.14583333333331,0.07500000000001705
44,193.43020833333333,193.46354166666666,192.39791666666665,0.03333333333333144
64,193.43125,193.61354166666666,192.39895833333333,0.1822916666666572
24,193.725,193.84270833333332,192.69270833333331,0.11770833333332575
36,193.725,193.89791666666667,192.69270833333331,0.17291666666667993
64,193.790625,194.80104166666666,192.75833333333333,1.0104166666666572
62,193.80208333333334,194.79270833333334,192.76979166666666,0.9906249999999943
57,193.80833333333334,194.15416666666667,192.77604166666666,0.34583333333333144
45,194.16770833333334,194.31458333333333,193.13541666666666,0.14687499999999432
52,194.35,194.56145833333332,193.31770833333331,0.21145833333332575
57,194.54270833333334,194.725,193.51041666666666,0.1822916666666572
71,194.77083333333334,195.03020833333332,193.73854166666666,0.25937499999997726
59,194.77604166666666,194.946875,193.74374999999998,0.1708333333333485
52,194.97291666666666,195.121875,193.94062499999998,0.14895833333332575
50,195.01770833333333,195.08125,193.98541666666665,0.06354166666667993
45,195.165625,195.31041666666667,194.13333333333333,0.14479166666666288
36,195.38333333333333,195.90833333333333,194.35104166666665,0.5250000000000057
65,195.625,196.21354166666666,194.59270833333332,0.5885416666666572
56,195.62916666666666,195.70833333333334,194.59687499999998,0.07916666666667993
62,195.63229166666667,196.0,194.6,0.36770833333332575
44,195.87083333333334,196.14166666666665,194.83854166666666,0.2708333333333144
53,196.11041666666665,196.190625,195.07812499999997,0.08020833333335986
72,196.20416666666665,196.92291666666665,195.17187499999997,0.71875
60,196.36875,196.51770833333333,195.33645833333333,0.14895833333332575
68,196.64270833333333,196.7,195.61041666666665,0.05729166666665719
62,196.85,196.90520833333332,195.81770833333331,0.055208333333325754
53,197.08958333333334,197.15208333333334,196.05729166666666,0.0625
44,197.35520833333334,197.39791666666667,196.32291666666666,0.04270833333333712
66,197.35520833333334,197.54791666666665,196.32291666666666,0.19270833333331439
24,197.80208333333334,197.97083333333333,196.76979166666666,0.16874999999998863
36,197.803125,198.015625,196.77083333333331,0.21250000000000568
63,197.84479166666665,198.2125,196.81249999999997,0.3677083333333542
55,197.84791666666666,198.07604166666667,196.81562499999998,0.22812500000000568
66,197.85104166666667,198.16458333333333,196.81875,0.3135416666666515
60,197.85625,198.15104166666666,196.8239583333333,0.29479166666666856
43,198.18645833333332,198.31666666666666,197.15416666666664,0.1302083333333428
51,198.32083333333333,198.41041666666666,197.28854166666665,0.08958333333333712
54,198.446875,198.51666666666665,197.41458333333333,0.06979166666664582
57,198.59583333333333,198.79479166666667,197.56354166666665,0.19895833333333712
60,198.75625,199.02395833333333,197.72395833333331,0.26770833333333144
66,198.97916666666666,199.13645833333334,197.94687499999998,0.15729166666667993
81,199.06875,199.13020833333334,198.03645833333331,0.06145833333334849
60,199.20208333333332,199.32604166666667,198.16979166666664,0.12395833333334849
57,199.32916666666665,199.3625,198.29687499999997,0.03333333333335986
51,199.48645833333333,199.575,198.45416666666665,0.08854166666665719
43,199.63229166666667,199.69895833333334,198.6,0.06666666666666288
67,199.66770833333334,199.82916666666665,198.63541666666666,0.16145833333331439
55,199.8125,199.909375,198.78020833333332,0.09687500000001137
60,199.90208333333334,200.02708333333334,198.86979166666666,0.125
67,199.975,200.08541666666667,198.94270833333331,0.11041666666667993
28,200.03854166666667,200.09270833333332,199.00625,0.054166666666645824
40,200.03854166666667,200.109375,199.00625,0.07083333333332575
72,200.05,200.10104166666667,199.01770833333333,0.05104166666666288
48,200.409375,200.609375,199.37708333333333,0.19999999999998863
55,200.56875,200.71458333333334,199.53645833333331,0.1458333333333428
60,200.71770833333332,200.790625,199.68541666666664,0.07291666666668561
60,200.90520833333332,201.2,199.87291666666664,0.29479166666666856
67,201.153125,201.325,200.1208333333333,0.171875
79,201.2,201.2625,200.1677083333333,0.0625
60,201.40104166666666,201.428125,200.36874999999998,0.027083333333337123
57,201.63854166666667,201.70625,200.60625,0.06770833333334281
71,201.65625,201.74583333333334,200.62395833333332,0.08958333333333712
69,201.66875,201.69791666666666,200.6364583333333,0.02916666666666856
55,201.67395833333333,201.70625,200.64166666666665,0.03229166666667993
48,201.91770833333334,201.94895833333334,200.88541666666666,0.03125
33,202.23125,202.40625,201.1989583333333,0.17500000000001137
71,202.278125,203.34375,201.2458333333333,1.0656250000000114
64,202.284375,202.609375,201.25208333333333,0.32499999999998863
62,202.29895833333333,202.60104166666667,201.26666666666665,0.3020833333333428
52,202.61145833333333,203.42083333333332,201.57916666666665,0.8093749999999886
55,202.86666666666667,203.125,201.834375,0.25833333333332575
76,202.99479166666666,203.11354166666666,201.96249999999998,0.11875000000000568
62,203.07291666666666,203.27604166666666,202.04062499999998,0.203125
76,203.3125,203.51770833333333,202.28020833333332,0.20520833333333144
64,203.328125,203.50625,202.29583333333332,0.17812499999999432
55,203.53020833333332,203.77083333333334,202.49791666666664,0.24062500000002274
52,203.77395833333333,203.9375,202.74166666666665,0.16354166666667425
45,203.96770833333332,204.03958333333333,202.93541666666664,0.07187500000000568
38,204.22604166666667,204.378125,203.19375,0.15208333333333712
69,204.27916666666667,204.896875,203.246875,0.6177083333333258
65,204.290625,204.5875,203.25833333333333,0.296875
60,204.29270833333334,204.421875,203.26041666666666,0.12916666666666288
50,204.559375,205.59375,203.5270833333333,1.0343750000000114
53,204.86979166666666,205.37916666666666,203.83749999999998,0.5093750000000057
77,204.87916666666666,205.009375,203.84687499999998,0.1302083333333428
60,205.11770833333333,205.31979166666667,204.08541666666665,0.2020833333333485
65,205.328125,205.50520833333334,204.29583333333332,0.1770833333333428
57,205.51458333333332,205.80625,204.48229166666664,0.2916666666666856
52,205.76354166666667,206.02604166666666,204.73125,0.26249999999998863
67,205.771875,205.884375,204.73958333333331,0.11250000000001137
50,205.99479166666666,206.059375,204.96249999999998,0.06458333333333144
67,206.24791666666667,207.396875,205.215625,1.1489583333333258
59,206.259375,206.540625,205.22708333333333,0.28125
65,206.26145833333334,207.371875,205.22916666666666,1.1104166666666515
38,206.525,206.825,205.49270833333333,0.29999999999998295
43,206.78333333333333,207.00729166666667,205.75104166666665,0.2239583333333428
50,206.990625,207.04166666666666,205.95833333333331,0.05104166666666288
59,207.25,207.45833333333334,206.21770833333332,0.2083333333333428
74,207.25729166666667,207.42083333333332,206.225,0.16354166666664582
52,207.475,207.69166666666666,206.44270833333331,0.21666666666666856
53,207.69895833333334,207.928125,206.66666666666666,0.2291666666666572
43,207.93229166666666,208.00625,206.89999999999998,0.07395833333333712
65,208.19583333333333,208.50520833333334,207.16354166666665,0.30937500000001705
58,208.203125,208.978125,207.17083333333332,0.7750000000000057
60,208.20520833333333,208.49270833333333,207.17291666666665,0.2874999999999943
36,208.46145833333333,208.8375,207.42916666666665,0.37604166666667993
73,208.81562499999998,208.97083333333333,207.7833333333333,0.1552083333333485
48,208.83645833333333,208.903125,207.80416666666665,0.06666666666666288
48,209.05729166666666,209.32291666666666,208.02499999999998,0.265625
58,209.29479166666667,209.44479166666667,208.2625,0.15000000000000568
48,209.53958333333333,210.07916666666665,208.50729166666665,0.5395833333333258
64,209.803125,210.01145833333334,208.77083333333331,0.2083333333333428
55,209.81562499999998,209.92916666666667,208.7833333333333,0.1135416666666913
60,209.81979166666667,209.95416666666665,208.7875,0.13437499999997726
36,210.04791666666665,210.13541666666666,209.01562499999997,0.08750000000000568
65,210.396875,211.54166666666666,209.36458333333331,1.1447916666666629
56,210.40520833333332,210.97916666666666,209.37291666666664,0.5739583333333371
60,210.4125,211.20416666666665,209.38020833333331,0.7916666666666572
29,210.73541666666665,211.03333333333333,209.70312499999997,0.29791666666667993
41,211.03854166666667,211.08958333333334,210.00625,0.05104166666666288
48,211.26354166666667,211.63541666666666,210.23125,0.37187499999998863
56,211.50416666666666,211.64270833333333,210.47187499999998,0.13854166666666856
72,211.50833333333333,211.59583333333333,210.47604166666665,0.08750000000000568
48,211.72083333333333,211.82604166666667,210.68854166666665,0.10520833333333712
41,211.96458333333334,212.20520833333333,210.93229166666666,0.24062499999999432
29,212.17499999999998,212.22916666666666,211.1427083333333,0.054166666666674246
64,212.48125,213.21041666666667,211.4489583333333,0.7291666666666856
59,212.48229166666667,212.83333333333334,211.45,0.35104166666667425
57,212.48854166666666,212.76354166666667,211.45624999999998,0.2750000000000057
35,212.79583333333332,213.09583333333333,211.76354166666664,0.30000000000001137
71,213.07916666666665,213.29166666666666,212.04687499999997,0.21250000000000568
47,213.1,213.16354166666667,212.06770833333331,0.06354166666667993
47,213.309375,213.57395833333334,212.2770833333333,0.2645833333333485
57,213.553125,213.76041666666666,212.52083333333331,0.20729166666666288
47,213.81458333333333,214.42291666666665,212.78229166666665,0.6083333333333201
62,214.09583333333333,214.37708333333333,213.06354166666665,0.28125
56,214.109375,214.31875,213.07708333333332,0.20937499999999432
59,214.11458333333334,214.34375,213.08229166666666,0.2291666666666572
35,214.38020833333334,214.47916666666666,213.34791666666666,0.09895833333331439
64,214.82604166666667,216.43125,213.79375,1.6052083333333371
59,214.84583333333333,216.184375,213.81354166666665,1.3385416666666572
55,214.84687499999998,215.77083333333334,213.8145833333333,0.9239583333333599
28,215.18958333333333,215.41666666666666,214.15729166666665,0.22708333333332575
40,215.47604166666667,215.53541666666666,214.44375,0.05937499999998863
47,215.70208333333332,216.046875,214.66979166666664,0.34479166666667993
67,216.03333333333333,217.08229166666666,215.00104166666665,1.0489583333333314
55,216.04375,216.30416666666667,215.0114583333333,0.2604166666666856
48,216.32604166666667,216.66458333333333,215.29375,0.3385416666666572
47,216.62083333333334,216.97916666666666,215.58854166666666,0.35833333333332007
40,216.98749999999998,217.14270833333333,215.9552083333333,0.1552083333333485
62,217.48125,218.39895833333333,216.4489583333333,0.9177083333333371
57,217.484375,217.9375,216.45208333333332,0.453125
60,217.48749999999998,218.43333333333334,216.4552083333333,0.9458333333333542
41,217.93645833333332,218.32395833333334,216.90416666666664,0.38750000000001705
50,218.27604166666666,218.48958333333334,217.24374999999998,0.21354166666668561
69,218.28333333333333,218.71770833333332,217.25104166666665,0.43437499999998863
57,218.54791666666665,218.778125,217.51562499999997,0.23020833333333712
71,218.79270833333334,219.55416666666667,217.76041666666666,0.7614583333333371
62,218.79895833333333,218.94062499999998,217.76666666666665,0.1416666666666515
57,219.021875,219.38125,217.98958333333331,0.359375
72,219.26770833333333,219.515625,218.23541666666665,0.24791666666666856
61,219.2875,219.434375,218.25520833333331,0.14687499999999432
50,219.290625,219.59166666666667,218.25833333333333,0.3010416666666629
41,219.56875,219.61875,218.53645833333331,0.05000000000001137
73,219.97395833333334,221.46145833333333,218.94166666666666,1.487499999999983
69,219.98541666666665,221.39166666666665,218.95312499999997,1.40625
60,219.98541666666665,223.51145833333334,218.95312499999997,3.5260416666666856
42,220.4375,220.8125,219.40520833333332,0.375
50,220.771875,220.99166666666667,219.73958333333331,0.21979166666667993
57,221.06458333333333,221.303125,220.03229166666665,0.23854166666666288
74,221.321875,225.38541666666666,220.28958333333333,4.0635416666666515
62,221.34583333333333,221.50625,220.31354166666665,0.16041666666666288
57,221.57291666666666,221.93229166666666,220.54062499999998,0.359375
68,221.87083333333334,222.06979166666667,220.83854166666666,0.19895833333333712
50,221.88333333333333,222.28020833333332,220.85104166666665,0.3968749999999943
42,222.19166666666666,222.33541666666667,221.15937499999998,0.14375000000001137
67,222.525,226.06354166666665,221.49270833333333,3.538541666666646
65,222.54375,226.04375,221.5114583333333,3.5
31,222.90520833333332,223.13854166666667,221.87291666666664,0.2333333333333485
43,223.23333333333332,223.30625,222.20104166666664,0.07291666666668561
53,223.55520833333333,223.65937499999998,222.52291666666665,0.10416666666665719
59,223.93333333333334,225.47291666666666,222.90104166666666,1.5395833333333258
52,224.33854166666666,224.90937499999998,223.30624999999998,0.5708333333333258
50,224.86145833333333,226.00416666666666,223.82916666666665,1.1427083333333314
43,225.85208333333333,226.19895833333334,224.81979166666665,0.34687500000001137
72,225.95624999999998,226.15416666666667,224.9239583333333,0.19791666666668561
60,225.98645833333333,226.25520833333334,224.95416666666665,0.26875000000001137
72,227.68854166666665,228.19270833333334,226.65624999999997,0.5041666666666913
64,227.70729166666666,228.29895833333333,226.67499999999998,0.5916666666666686
60,227.71041666666667,228.29270833333334,226.678125,0.5822916666666629
24,227.71145833333333,228.07083333333333,226.67916666666665,0.359375
36,227.74375,228.375,226.71145833333333,0.6312499999999943
43,229.17604166666666,230.321875,228.14374999999998,1.1458333333333428
52,229.67395833333333,229.825,228.64166666666665,0.1510416666666572
52,230.05625,230.29166666666666,229.02395833333333,0.2354166666666515
60,230.39895833333333,230.53645833333334,229.36666666666665,0.13750000000001705
52,230.790625,230.86979166666666,229.75833333333333,0.07916666666665151
52,231.2,231.67916666666667,230.1677083333333,0.4791666666666856
43,231.65937499999998,232.67708333333334,230.6270833333333,1.0177083333333599
31,232.43229166666666,232.584375,231.39999999999998,0.15208333333333712
60,233.05729166666666,233.62395833333332,232.02499999999998,0.5666666666666629
52,233.07083333333333,233.49583333333334,232.03854166666665,0.42500000000001137
55,233.47708333333333,234.075,232.44479166666665,0.5979166666666629
67,233.54583333333332,234.95,232.51354166666664,1.4041666666666686
62,233.58854166666666,233.72291666666666,232.55624999999998,0.13437500000000568
52,233.928125,234.26874999999998,232.89583333333331,0.34062499999998863
60,233.946875,234.13125,232.91458333333333,0.18437499999998863
64,234.23541666666665,234.58854166666666,233.20312499999997,0.3531250000000057
52,234.51874999999998,234.775,233.4864583333333,0.25625000000002274
60,234.52291666666667,234.79791666666665,233.490625,0.27499999999997726
55,234.86979166666666,235.18645833333332,233.83749999999998,0.3166666666666629
69,234.87916666666666,235.415625,233.84687499999998,0.5364583333333428
62,234.89479166666666,234.975,233.86249999999998,0.08020833333333144
52,235.21666666666667,235.26354166666667,234.184375,0.046875
60,235.23125,235.28333333333333,234.1989583333333,0.05208333333334281
60,235.41979166666667,235.9,234.3875,0.4802083333333371
64,235.54479166666667,235.975,234.5125,0.43020833333332575
45,235.725,236.01041666666666,234.69270833333331,0.2854166666666629
33,235.76354166666667,235.88541666666666,234.73125,0.12187499999998863
71,235.840625,236.546875,234.8083333333333,0.7062500000000114
60,236.30520833333333,236.69791666666666,235.27291666666665,0.39270833333333144
45,236.35833333333332,236.87395833333332,235.32604166666664,0.515625
64,236.58333333333334,236.834375,235.55104166666666,0.2510416666666515
52,236.640625,236.70416666666665,235.60833333333332,0.06354166666665151
52,236.88020833333334,236.96354166666666,235.84791666666666,0.08333333333331439
71,236.884375,237.30416666666667,235.85208333333333,0.41979166666666856
76,237.196875,237.34375,236.16458333333333,0.14687499999999432
60,237.20520833333333,237.32916666666665,236.17291666666665,0.12395833333332007
52,237.53020833333332,237.603125,236.49791666666664,0.07291666666668561
64,237.53333333333333,238.08020833333333,236.50104166666665,0.546875
71,237.87395833333332,239.11145833333333,236.84166666666664,1.2375000000000114
52,237.890625,237.990625,236.85833333333332,0.09999999999999432
60,238.24895833333332,238.93645833333332,237.21666666666664,0.6875
31,238.6875,238.88333333333333,237.65520833333332,0.19583333333332575
43,239.20104166666667,239.90729166666665,238.16875,0.706249999999983
59,239.39479166666666,240.08645833333333,238.36249999999998,0.6916666666666629
52,239.81041666666667,239.93541666666667,238.778125,0.125
69,239.88333333333333,240.67499999999998,238.85104166666665,0.7916666666666572
52,240.19375,240.46979166666665,239.16145833333331,0.2760416666666572
64,240.21354166666666,240.48333333333332,239.18124999999998,0.2697916666666629
60,240.52395833333333,240.61875,239.49166666666665,0.09479166666667993
72,240.53229166666665,240.746875,239.49999999999997,0.21458333333333712
60,240.86770833333333,241.10833333333332,239.83541666666665,0.24062499999999432
52,240.90729166666665,241.0,239.87499999999997,0.09270833333334849
52,241.29375,241.78437499999998,240.2614583333333,0.4906249999999943
67,241.33541666666667,241.88333333333333,240.303125,0.5479166666666515
57,241.875,242.06458333333333,240.84270833333332,0.18958333333333144
43,241.87812499999998,241.94479166666667,240.8458333333333,0.0666666666666913
55,241.921875,241.99791666666667,240.88958333333332,0.07604166666666856
36,242.65937499999998,243.05104166666666,241.6270833333333,0.39166666666667993
24,242.6625,242.921875,241.63020833333331,0.2593750000000057
60,242.775,243.22916666666666,241.74270833333333,0.4541666666666515
52,242.790625,243.09270833333332,241.75833333333333,0.3020833333333144
55,243.4,243.49166666666667,242.36770833333333,0.09166666666666856
43,243.40520833333332,243.47916666666666,242.37291666666664,0.07395833333333712
67,243.7125,244.07604166666667,242.68020833333333,0.3635416666666629
52,244.04270833333334,244.37083333333334,243.01041666666666,0.328125
60,244.04895833333333,244.12604166666665,243.01666666666665,0.07708333333332007
60,244.41145833333334,244.56041666666667,243.37916666666666,0.14895833333332575
72,244.46979166666665,244.52291666666667,243.43749999999997,0.05312500000002274
52,244.75208333333333,244.83645833333333,243.71979166666665,0.08437499999999432
60,244.759375,244.90833333333333,243.72708333333333,0.14895833333332575
67,245.06666666666666,245.50312499999998,244.03437499999998,0.43645833333332007
52,245.103125,245.18333333333334,244.07083333333333,0.08020833333333144
55,245.44166666666666,245.51458333333332,244.40937499999998,0.07291666666665719
43,245.45416666666665,245.53541666666666,244.42187499999997,0.08125000000001137
55,246.07395833333334,246.27916666666667,245.04166666666666,0.20520833333333144
52,246.08333333333334,246.40208333333334,245.05104166666666,0.3187499999999943
60,246.40625,246.54999999999998,245.37395833333332,0.14374999999998295
55,246.40833333333333,246.69166666666666,245.37604166666665,0.28333333333333144
67,246.696875,247.103125,245.66458333333333,0.40625
60,246.703125,247.03333333333333,245.67083333333332,0.33020833333333144
72,247.01979166666666,247.15520833333332,245.98749999999998,0.1354166666666572
64,247.03229166666665,247.19270833333334,245.99999999999997,0.1604166666666913
52,247.32604166666667,247.57291666666666,246.29375,0.24687499999998863
60,247.34270833333332,247.56979166666667,246.31041666666664,0.22708333333335418
55,247.634375,247.7,246.60208333333333,0.06562499999998295
67,247.63854166666667,248.06666666666666,246.60625,0.4281249999999943
43,247.946875,248.31875,246.91458333333333,0.37187499999998863
55,247.98333333333332,248.03958333333333,246.95104166666664,0.056250000000005684
36,248.26458333333332,248.3125,247.23229166666664,0.04791666666667993
43,248.56562499999998,248.62604166666665,247.5333333333333,0.06041666666666856
60,248.59166666666667,248.75312499999998,247.559375,0.16145833333331439
52,248.87291666666667,248.93958333333333,247.840625,0.06666666666666288
67,248.87604166666665,249.12604166666665,247.84374999999997,0.25
72,249.16145833333334,249.69479166666667,248.12916666666666,0.5333333333333314
52,249.18958333333333,249.30625,248.15729166666665,0.11666666666667425
79,249.48333333333332,249.61458333333334,248.45104166666664,0.13125000000002274
60,249.50104166666665,249.5875,248.46874999999997,0.08645833333335418
52,249.79375,249.859375,248.7614583333333,0.06562500000001137
67,249.79583333333332,250.02395833333333,248.76354166666664,0.22812500000000568
72,250.09479166666665,250.16145833333334,249.06249999999997,0.0666666666666913
52,250.10729166666667,250.28645833333334,249.075,0.17916666666667425
60,250.421875,250.48541666666665,249.38958333333332,0.06354166666665151
43,250.434375,250.50208333333333,249.4020833333333,0.06770833333334281
52,251.05104166666666,251.31562499999998,250.01874999999998,0.26458333333332007
67,251.06666666666666,251.359375,250.03437499999998,0.2927083333333371
72,251.36770833333333,251.67291666666665,250.33541666666665,0.30520833333332575
55,251.38125,251.67604166666666,250.34895833333331,0.29479166666666856
60,251.67604166666666,252.07395833333334,250.64374999999998,0.39791666666667425
79,251.67604166666666,252.23541666666665,250.64374999999998,0.5593749999999886
84,252.04375,252.19166666666666,251.0114583333333,0.14791666666667425
64,252.04583333333332,252.31354166666665,251.01354166666664,0.26770833333333144
52,252.384375,252.82291666666666,251.35208333333333,0.4385416666666515
72,252.38645833333334,252.78958333333333,251.35416666666666,0.40312499999998863
79,252.81562499999998,253.484375,251.7833333333333,0.668750000000017
55,252.83854166666666,253.53333333333333,251.80624999999998,0.6947916666666742
67,253.31458333333333,253.42708333333334,252.28229166666665,0.11250000000001137
43,253.35416666666666,253.44062499999998,252.32187499999998,0.08645833333332575
91,254.48229166666667,254.62604166666665,253.45,0.14374999999998295
67,254.49583333333334,254.68020833333333,253.46354166666666,0.18437499999998863
88,254.50104166666665,254.60520833333334,253.46874999999997,0.10416666666668561
84,254.50208333333333,254.59479166666665,253.46979166666665,0.09270833333332007
79,254.509375,254.58229166666666,253.47708333333333,0.07291666666665719
55,254.51041666666666,254.67499999999998,253.47812499999998,0.16458333333332575
60,254.51354166666667,254.759375,253.48125,0.24583333333333712
64,254.52916666666667,254.69479166666667,253.496875,0.16562500000000568
60,257.32916666666665,257.53229166666665,256.296875,0.203125
91,257.32916666666665,257.74791666666664,256.296875,0.41874999999998863
55,257.33229166666666,257.5375,256.3,0.20520833333335986
64,257.3364583333333,257.5229166666667,256.3041666666667,0.1864583333333485
67,257.3375,257.51666666666665,256.3052083333333,0.17916666666667425
88,257.33958333333334,257.6635416666667,256.3072916666667,0.3239583333333371
84,257.3458333333333,257.6489583333333,256.31354166666665,0.30312500000002274
79,257.3458333333333,257.6875,256.31354166666665,0.341666666666697
36,260.63854166666664,260.7833333333333,259.60625,0.14479166666666288
24,260.66875,260.7739583333333,259.63645833333334,0.10520833333333712
43,261.94375,262.11041666666665,260.91145833333337,0.16666666666662877
91,263.721875,267.43854166666665,262.68958333333336,3.71666666666664
79,263.7583333333333,267.43854166666665,262.7260416666667,3.6802083333333258
67,263.7677083333333,267.43854166666665,262.73541666666665,3.6708333333333485
52,263.775,267.43854166666665,262.7427083333333,3.6635416666666742
60,263.77916666666664,267.43854166666665,262.746875,3.6593750000000114
76,263.78125,267.43854166666665,262.74895833333335,3.6572916666666515
84,263.79479166666664,267.43854166666665,262.7625,3.6437500000000114
55,263.8072916666667,267.43854166666665,262.77500000000003,3.631249999999966
88,263.809375,267.43854166666665,262.77708333333334,3.629166666666663
